--
-- PostgreSQL database dump
--

-- Dumped from database version 16.2 (Debian 16.2-1.pgdg120+2)
-- Dumped by pg_dump version 16.2 (Debian 16.2-1.pgdg120+2)

SET statement_timeout = 0;
SET lock_timeout = 0;
SET idle_in_transaction_session_timeout = 0;
SET client_encoding = 'UTF8';
SET standard_conforming_strings = on;
SELECT pg_catalog.set_config('search_path', '', false);
SET check_function_bodies = false;
SET xmloption = content;
SET client_min_messages = warning;
SET row_security = off;

SET default_tablespace = '';

SET default_table_access_method = heap;

--
-- Name: auth_group; Type: TABLE; Schema: public; Owner: postgres
--

CREATE TABLE public.auth_group (
    id integer NOT NULL,
    name character varying(150) NOT NULL
);


ALTER TABLE public.auth_group OWNER TO postgres;

--
-- Name: auth_group_id_seq; Type: SEQUENCE; Schema: public; Owner: postgres
--

ALTER TABLE public.auth_group ALTER COLUMN id ADD GENERATED BY DEFAULT AS IDENTITY (
    SEQUENCE NAME public.auth_group_id_seq
    START WITH 1
    INCREMENT BY 1
    NO MINVALUE
    NO MAXVALUE
    CACHE 1
);


--
-- Name: auth_group_permissions; Type: TABLE; Schema: public; Owner: postgres
--

CREATE TABLE public.auth_group_permissions (
    id bigint NOT NULL,
    group_id integer NOT NULL,
    permission_id integer NOT NULL
);


ALTER TABLE public.auth_group_permissions OWNER TO postgres;

--
-- Name: auth_group_permissions_id_seq; Type: SEQUENCE; Schema: public; Owner: postgres
--

ALTER TABLE public.auth_group_permissions ALTER COLUMN id ADD GENERATED BY DEFAULT AS IDENTITY (
    SEQUENCE NAME public.auth_group_permissions_id_seq
    START WITH 1
    INCREMENT BY 1
    NO MINVALUE
    NO MAXVALUE
    CACHE 1
);


--
-- Name: auth_permission; Type: TABLE; Schema: public; Owner: postgres
--

CREATE TABLE public.auth_permission (
    id integer NOT NULL,
    name character varying(255) NOT NULL,
    content_type_id integer NOT NULL,
    codename character varying(100) NOT NULL
);


ALTER TABLE public.auth_permission OWNER TO postgres;

--
-- Name: auth_permission_id_seq; Type: SEQUENCE; Schema: public; Owner: postgres
--

ALTER TABLE public.auth_permission ALTER COLUMN id ADD GENERATED BY DEFAULT AS IDENTITY (
    SEQUENCE NAME public.auth_permission_id_seq
    START WITH 1
    INCREMENT BY 1
    NO MINVALUE
    NO MAXVALUE
    CACHE 1
);


--
-- Name: auth_user; Type: TABLE; Schema: public; Owner: postgres
--

CREATE TABLE public.auth_user (
    id integer NOT NULL,
    password character varying(128) NOT NULL,
    last_login timestamp with time zone,
    is_superuser boolean NOT NULL,
    username character varying(150) NOT NULL,
    first_name character varying(150) NOT NULL,
    last_name character varying(150) NOT NULL,
    email character varying(254) NOT NULL,
    is_staff boolean NOT NULL,
    is_active boolean NOT NULL,
    date_joined timestamp with time zone NOT NULL
);


ALTER TABLE public.auth_user OWNER TO postgres;

--
-- Name: auth_user_groups; Type: TABLE; Schema: public; Owner: postgres
--

CREATE TABLE public.auth_user_groups (
    id bigint NOT NULL,
    user_id integer NOT NULL,
    group_id integer NOT NULL
);


ALTER TABLE public.auth_user_groups OWNER TO postgres;

--
-- Name: auth_user_groups_id_seq; Type: SEQUENCE; Schema: public; Owner: postgres
--

ALTER TABLE public.auth_user_groups ALTER COLUMN id ADD GENERATED BY DEFAULT AS IDENTITY (
    SEQUENCE NAME public.auth_user_groups_id_seq
    START WITH 1
    INCREMENT BY 1
    NO MINVALUE
    NO MAXVALUE
    CACHE 1
);


--
-- Name: auth_user_id_seq; Type: SEQUENCE; Schema: public; Owner: postgres
--

ALTER TABLE public.auth_user ALTER COLUMN id ADD GENERATED BY DEFAULT AS IDENTITY (
    SEQUENCE NAME public.auth_user_id_seq
    START WITH 1
    INCREMENT BY 1
    NO MINVALUE
    NO MAXVALUE
    CACHE 1
);


--
-- Name: auth_user_user_permissions; Type: TABLE; Schema: public; Owner: postgres
--

CREATE TABLE public.auth_user_user_permissions (
    id bigint NOT NULL,
    user_id integer NOT NULL,
    permission_id integer NOT NULL
);


ALTER TABLE public.auth_user_user_permissions OWNER TO postgres;

--
-- Name: auth_user_user_permissions_id_seq; Type: SEQUENCE; Schema: public; Owner: postgres
--

ALTER TABLE public.auth_user_user_permissions ALTER COLUMN id ADD GENERATED BY DEFAULT AS IDENTITY (
    SEQUENCE NAME public.auth_user_user_permissions_id_seq
    START WITH 1
    INCREMENT BY 1
    NO MINVALUE
    NO MAXVALUE
    CACHE 1
);


--
-- Name: chat_message; Type: TABLE; Schema: public; Owner: postgres
--

CREATE TABLE public.chat_message (
    id bigint NOT NULL,
    text text NOT NULL,
    created timestamp with time zone NOT NULL,
    is_read boolean NOT NULL,
    sender_id integer NOT NULL,
    thread_id bigint NOT NULL
);


ALTER TABLE public.chat_message OWNER TO postgres;

--
-- Name: chat_message_id_seq; Type: SEQUENCE; Schema: public; Owner: postgres
--

ALTER TABLE public.chat_message ALTER COLUMN id ADD GENERATED BY DEFAULT AS IDENTITY (
    SEQUENCE NAME public.chat_message_id_seq
    START WITH 1
    INCREMENT BY 1
    NO MINVALUE
    NO MAXVALUE
    CACHE 1
);


--
-- Name: chat_thread; Type: TABLE; Schema: public; Owner: postgres
--

CREATE TABLE public.chat_thread (
    id bigint NOT NULL,
    created timestamp with time zone NOT NULL,
    updated timestamp with time zone NOT NULL
);


ALTER TABLE public.chat_thread OWNER TO postgres;

--
-- Name: chat_thread_id_seq; Type: SEQUENCE; Schema: public; Owner: postgres
--

ALTER TABLE public.chat_thread ALTER COLUMN id ADD GENERATED BY DEFAULT AS IDENTITY (
    SEQUENCE NAME public.chat_thread_id_seq
    START WITH 1
    INCREMENT BY 1
    NO MINVALUE
    NO MAXVALUE
    CACHE 1
);


--
-- Name: chat_thread_participants; Type: TABLE; Schema: public; Owner: postgres
--

CREATE TABLE public.chat_thread_participants (
    id bigint NOT NULL,
    thread_id bigint NOT NULL,
    user_id integer NOT NULL
);


ALTER TABLE public.chat_thread_participants OWNER TO postgres;

--
-- Name: chat_thread_participants_id_seq; Type: SEQUENCE; Schema: public; Owner: postgres
--

ALTER TABLE public.chat_thread_participants ALTER COLUMN id ADD GENERATED BY DEFAULT AS IDENTITY (
    SEQUENCE NAME public.chat_thread_participants_id_seq
    START WITH 1
    INCREMENT BY 1
    NO MINVALUE
    NO MAXVALUE
    CACHE 1
);


--
-- Name: django_admin_log; Type: TABLE; Schema: public; Owner: postgres
--

CREATE TABLE public.django_admin_log (
    id integer NOT NULL,
    action_time timestamp with time zone NOT NULL,
    object_id text,
    object_repr character varying(200) NOT NULL,
    action_flag smallint NOT NULL,
    change_message text NOT NULL,
    content_type_id integer,
    user_id integer NOT NULL,
    CONSTRAINT django_admin_log_action_flag_check CHECK ((action_flag >= 0))
);


ALTER TABLE public.django_admin_log OWNER TO postgres;

--
-- Name: django_admin_log_id_seq; Type: SEQUENCE; Schema: public; Owner: postgres
--

ALTER TABLE public.django_admin_log ALTER COLUMN id ADD GENERATED BY DEFAULT AS IDENTITY (
    SEQUENCE NAME public.django_admin_log_id_seq
    START WITH 1
    INCREMENT BY 1
    NO MINVALUE
    NO MAXVALUE
    CACHE 1
);


--
-- Name: django_content_type; Type: TABLE; Schema: public; Owner: postgres
--

CREATE TABLE public.django_content_type (
    id integer NOT NULL,
    app_label character varying(100) NOT NULL,
    model character varying(100) NOT NULL
);


ALTER TABLE public.django_content_type OWNER TO postgres;

--
-- Name: django_content_type_id_seq; Type: SEQUENCE; Schema: public; Owner: postgres
--

ALTER TABLE public.django_content_type ALTER COLUMN id ADD GENERATED BY DEFAULT AS IDENTITY (
    SEQUENCE NAME public.django_content_type_id_seq
    START WITH 1
    INCREMENT BY 1
    NO MINVALUE
    NO MAXVALUE
    CACHE 1
);


--
-- Name: django_migrations; Type: TABLE; Schema: public; Owner: postgres
--

CREATE TABLE public.django_migrations (
    id bigint NOT NULL,
    app character varying(255) NOT NULL,
    name character varying(255) NOT NULL,
    applied timestamp with time zone NOT NULL
);


ALTER TABLE public.django_migrations OWNER TO postgres;

--
-- Name: django_migrations_id_seq; Type: SEQUENCE; Schema: public; Owner: postgres
--

ALTER TABLE public.django_migrations ALTER COLUMN id ADD GENERATED BY DEFAULT AS IDENTITY (
    SEQUENCE NAME public.django_migrations_id_seq
    START WITH 1
    INCREMENT BY 1
    NO MINVALUE
    NO MAXVALUE
    CACHE 1
);


--
-- Name: django_session; Type: TABLE; Schema: public; Owner: postgres
--

CREATE TABLE public.django_session (
    session_key character varying(40) NOT NULL,
    session_data text NOT NULL,
    expire_date timestamp with time zone NOT NULL
);


ALTER TABLE public.django_session OWNER TO postgres;

--
-- Data for Name: auth_group; Type: TABLE DATA; Schema: public; Owner: postgres
--

COPY public.auth_group (id, name) FROM stdin;
\.


--
-- Data for Name: auth_group_permissions; Type: TABLE DATA; Schema: public; Owner: postgres
--

COPY public.auth_group_permissions (id, group_id, permission_id) FROM stdin;
\.


--
-- Data for Name: auth_permission; Type: TABLE DATA; Schema: public; Owner: postgres
--

COPY public.auth_permission (id, name, content_type_id, codename) FROM stdin;
1	Can add log entry	1	add_logentry
2	Can change log entry	1	change_logentry
3	Can delete log entry	1	delete_logentry
4	Can view log entry	1	view_logentry
5	Can add permission	2	add_permission
6	Can change permission	2	change_permission
7	Can delete permission	2	delete_permission
8	Can view permission	2	view_permission
9	Can add group	3	add_group
10	Can change group	3	change_group
11	Can delete group	3	delete_group
12	Can view group	3	view_group
13	Can add user	4	add_user
14	Can change user	4	change_user
15	Can delete user	4	delete_user
16	Can view user	4	view_user
17	Can add content type	5	add_contenttype
18	Can change content type	5	change_contenttype
19	Can delete content type	5	delete_contenttype
20	Can view content type	5	view_contenttype
21	Can add session	6	add_session
22	Can change session	6	change_session
23	Can delete session	6	delete_session
24	Can view session	6	view_session
25	Can add message	7	add_message
26	Can change message	7	change_message
27	Can delete message	7	delete_message
28	Can view message	7	view_message
29	Can add thread	8	add_thread
30	Can change thread	8	change_thread
31	Can delete thread	8	delete_thread
32	Can view thread	8	view_thread
\.


--
-- Data for Name: auth_user; Type: TABLE DATA; Schema: public; Owner: postgres
--

COPY public.auth_user (id, password, last_login, is_superuser, username, first_name, last_name, email, is_staff, is_active, date_joined) FROM stdin;
2	pbkdf2_sha256$720000$ntQkHeYXI2OJXAADHIXXji$yC1YJgdjS5dEPvFzHff2JdOD49M1ex6RUpf3hvEkCkM=	2024-05-02 09:02:21.104+00	t	admin			admin@admin.com	t	t	2024-04-30 10:28:17.661538+00
4	pbkdf2_sha256$720000$HldZ23rFEDn5JQB5fx1kED$ZB5hCsXh9lauzfrEeWODiOnsM8wtOdyfX3lxZ8K9kaU=	\N	f	test1				f	t	2024-05-06 13:25:31.365153+00
5	pbkdf2_sha256$720000$Reyrui07LwA1s4jPIbvUXs$FWh4Wna2McAQr05ui8s4YqipuEs1Y+J85vuOAbgtTic=	\N	f	test2				f	t	2024-05-06 13:25:48.229121+00
6	pbkdf2_sha256$720000$q9x2iGLcF7DFY3YOPywhS1$jOmEANZvpodifPvXaZqQd4aYJO7AQIWyuj2pVdLVuWU=	\N	f	test3				f	t	2024-05-06 13:26:01+00
7	pbkdf2_sha256$720000$Y6UxzTe9bLUu3GrHsRw3bV$IkLaIVqjED4hPF7gGiIK7MdqZypAaAEkRlHDlsM9wNs=	\N	f	test4				f	t	2024-05-06 13:26:11.581097+00
\.


--
-- Data for Name: auth_user_groups; Type: TABLE DATA; Schema: public; Owner: postgres
--

COPY public.auth_user_groups (id, user_id, group_id) FROM stdin;
\.


--
-- Data for Name: auth_user_user_permissions; Type: TABLE DATA; Schema: public; Owner: postgres
--

COPY public.auth_user_user_permissions (id, user_id, permission_id) FROM stdin;
\.


--
-- Data for Name: chat_message; Type: TABLE DATA; Schema: public; Owner: postgres
--

COPY public.chat_message (id, text, created, is_read, sender_id, thread_id) FROM stdin;
6	Morbi porttitor commodo dolor at congue.	2024-05-06 13:27:12+00	f	4	42
7	Vestibulum sollicitudin rutrum ex id tempus.	2024-05-06 13:27:49+00	f	5	42
8	Sed congue nisl sed odio sagittis, vitae tempor metus cursus.	2024-05-06 13:28:07+00	f	4	43
9	In lobortis erat id ultricies molestie.	2024-05-06 13:28:26+00	f	6	43
10	Ut pellentesque magna eget neque lobortis, n	2024-05-06 13:28:38+00	f	4	44
11	n pharetra eros sagittis. Nulla	2024-05-06 13:28:50+00	f	7	44
12	, sagittis eget massa et, consectetur condimentum augue. Nullam accumsan dui ante, in eleifend mi sollicitudin non. Cras venenatis tellus felis, faucibus	2024-05-06 13:29:03+00	f	5	45
13	ngilla orci non iac	2024-05-06 13:29:13+00	f	6	45
14	Integer consequat diam a nibh venenatis, ut blandit libero vulputate.	2024-05-06 13:29:22+00	f	6	45
15	Aliquam erat volutpat. Morbi congue feugiat mi, ut imperdiet augue porta in.	2024-05-06 13:29:51+00	f	6	47
16	mperdiet ipsum fringilla. Nunc semper viverra purus, nec pulvinar risus molestie nec. Pellentesque volutpat arcu tortor, et rhoncus nunc ornare vehicula. Duis sed porta ex. Phasellus posuere,	2024-05-06 13:30:10+00	f	7	47
\.


--
-- Data for Name: chat_thread; Type: TABLE DATA; Schema: public; Owner: postgres
--

COPY public.chat_thread (id, created, updated) FROM stdin;
42	2024-05-06 13:26:22+00	2024-05-06 13:26:29.065944+00
43	2024-05-06 13:26:29+00	2024-05-06 13:26:34.155608+00
44	2024-05-06 13:26:34+00	2024-05-06 13:26:38.743802+00
45	2024-05-06 13:26:38+00	2024-05-06 13:26:46.918662+00
46	2024-05-06 13:26:46+00	2024-05-06 13:26:50.641355+00
47	2024-05-06 13:26:50+00	2024-05-06 13:26:56.04795+00
\.


--
-- Data for Name: chat_thread_participants; Type: TABLE DATA; Schema: public; Owner: postgres
--

COPY public.chat_thread_participants (id, thread_id, user_id) FROM stdin;
53	42	4
54	42	5
55	43	4
56	43	6
57	44	4
58	44	7
59	45	5
60	45	6
61	46	5
62	46	7
63	47	6
64	47	7
\.


--
-- Data for Name: django_admin_log; Type: TABLE DATA; Schema: public; Owner: postgres
--

COPY public.django_admin_log (id, action_time, object_id, object_repr, action_flag, change_message, content_type_id, user_id) FROM stdin;
1	2024-04-30 15:58:00.694757+00	1	Thread with participants: vitalii.tsoma, admin, ochko	1	[{"added": {}}]	8	2
2	2024-04-30 15:58:09.497819+00	1	Thread with participants: vitalii.tsoma, ochko	2	[{"changed": {"fields": ["Participants"]}}]	8	2
3	2024-04-30 15:58:26.691235+00	2	Thread with participants: vitalii.tsoma, admin	1	[{"added": {}}]	8	2
4	2024-04-30 16:14:17.192411+00	3	Thread with participants: vitalii.tsoma, admin, ochko	1	[{"added": {}}]	8	2
5	2024-04-30 16:14:22.854944+00	3	Thread with participants: vitalii.tsoma, admin, ochko	3		8	2
6	2024-04-30 16:14:55.251449+00	4	Thread with participants: vitalii.tsoma, admin, ochko	1	[{"added": {}}]	8	2
7	2024-04-30 16:17:42.526927+00	4	Thread with participants: vitalii.tsoma, admin, ochko	3		8	2
8	2024-04-30 16:17:48.933172+00	5	Thread with participants: vitalii.tsoma, admin, ochko	1	[{"added": {}}]	8	2
9	2024-04-30 16:17:54.204146+00	5	Thread with participants: vitalii.tsoma, admin, ochko	3		8	2
10	2024-04-30 16:47:39.89835+00	6	Thread with participants: vitalii.tsoma, admin, ochko	1	[{"added": {}}]	8	2
11	2024-04-30 16:47:44.280809+00	6	Thread with participants: vitalii.tsoma, admin, ochko	3		8	2
12	2024-04-30 17:02:29.273119+00	2	Thread with participants: vitalii.tsoma, admin	3		8	2
13	2024-04-30 17:02:29.278198+00	1	Thread with participants: vitalii.tsoma, ochko	3		8	2
14	2024-04-30 18:45:26.221704+00	8	Thread with participants: vitalii.tsoma, admin, ochko	1	[{"added": {}}]	8	2
15	2024-04-30 18:46:09.042175+00	8	Thread with participants: vitalii.tsoma, admin, ochko	3		8	2
16	2024-05-02 09:02:35.876501+00	21	Thread with participants: 	3		8	2
17	2024-05-02 09:02:35.879067+00	20	Thread with participants: 	3		8	2
18	2024-05-02 09:02:35.879867+00	19	Thread with participants: 	3		8	2
19	2024-05-02 09:02:35.880738+00	18	Thread with participants: 	3		8	2
20	2024-05-02 09:02:35.881617+00	17	Thread with participants: 	3		8	2
21	2024-05-02 09:02:35.882332+00	16	Thread with participants: 	3		8	2
22	2024-05-02 09:02:35.88297+00	15	Thread with participants: 	3		8	2
23	2024-05-02 09:02:35.883487+00	14	Thread with participants: 	3		8	2
24	2024-05-02 09:02:35.883958+00	13	Thread with participants: 	3		8	2
25	2024-05-02 09:02:35.884432+00	12	Thread with participants: 	3		8	2
26	2024-05-02 09:02:35.885031+00	11	Thread with participants: 	3		8	2
27	2024-05-02 09:02:35.885602+00	10	Thread with participants: 	3		8	2
28	2024-05-02 09:02:35.886106+00	9	Thread with participants: 	3		8	2
29	2024-05-02 09:02:42.119536+00	22	Thread with participants: ochko, admin	1	[{"added": {}}]	8	2
30	2024-05-02 09:03:24.634663+00	22	Thread with participants: ochko, admin	3		8	2
31	2024-05-02 09:14:40.073033+00	27	Thread with participants: 	3		8	2
32	2024-05-02 09:14:40.07599+00	26	Thread with participants: 	3		8	2
33	2024-05-02 09:14:40.077376+00	25	Thread with participants: 	3		8	2
34	2024-05-02 09:14:40.078705+00	24	Thread with participants: 	3		8	2
35	2024-05-02 09:14:40.079809+00	23	Thread with participants: 	3		8	2
36	2024-05-02 09:18:25.974426+00	28	Thread with participants: ochko, admin	3		8	2
37	2024-05-02 09:18:25.978586+00	7	Thread with participants: vitalii.tsoma, admin	3		8	2
38	2024-05-02 10:24:30.988398+00	32	Thread with participants: vitalii.tsoma, ochko	3		8	2
39	2024-05-02 10:24:30.992934+00	30	Thread with participants: vitalii.tsoma, admin	3		8	2
40	2024-05-02 10:27:12.384133+00	34	Thread with participants: vitalii.tsoma, admin	3		8	2
41	2024-05-03 13:48:40.283565+00	35	Thread with participants: vitalii.tsoma, admin	3		8	2
42	2024-05-03 13:49:18.594777+00	36	Thread with participants: vitalii.tsoma, admin	3		8	2
43	2024-05-03 13:50:45.724807+00	37	Thread with participants: vitalii.tsoma, admin	3		8	2
44	2024-05-03 13:52:34.911312+00	38	Thread with participants: vitalii.tsoma, ochko	3		8	2
45	2024-05-06 08:51:10.021172+00	39	Thread with participants: vitalii.tsoma, ochko	1	[{"added": {}}]	8	2
46	2024-05-06 09:47:08.746888+00	3	Message from vitalii.tsoma in thread Thread with participants: vitalii.tsoma, ochko	1	[{"added": {}}]	7	2
47	2024-05-06 09:58:40.068746+00	4	Message from vitalii.tsoma in thread Thread with participants: vitalii.tsoma, ochko	1	[{"added": {}}]	7	2
48	2024-05-06 10:30:03.821812+00	40	Thread with participants: admin, ochko	1	[{"added": {}}]	8	2
49	2024-05-06 10:30:11.459711+00	41	Thread with participants: vitalii.tsoma, admin	1	[{"added": {}}]	8	2
50	2024-05-06 12:51:00.015124+00	5	Message from admin in thread Thread with participants: vitalii.tsoma, admin	1	[{"added": {}}]	7	2
51	2024-05-06 13:24:40.52294+00	3	ochko	3		4	2
52	2024-05-06 13:24:40.525063+00	1	vitalii.tsoma	3		4	2
53	2024-05-06 13:24:47.666142+00	5	Message from admin in thread Thread with participants: admin	3		7	2
54	2024-05-06 13:24:58.663536+00	41	Thread with participants: admin	3		8	2
55	2024-05-06 13:24:58.667081+00	40	Thread with participants: admin	3		8	2
56	2024-05-06 13:24:58.669107+00	39	Thread with participants: 	3		8	2
57	2024-05-06 13:25:31.51504+00	4	test1	1	[{"added": {}}]	4	2
58	2024-05-06 13:25:48.375035+00	5	test2	1	[{"added": {}}]	4	2
59	2024-05-06 13:26:01.271967+00	6	test3	1	[{"added": {}}]	4	2
60	2024-05-06 13:26:05.754035+00	6	test3	2	[]	4	2
61	2024-05-06 13:26:11.727491+00	7	test4	1	[{"added": {}}]	4	2
62	2024-05-06 13:26:29.070565+00	42	Thread with participants: test1, test2	1	[{"added": {}}]	8	2
63	2024-05-06 13:26:34.159197+00	43	Thread with participants: test1, test3	1	[{"added": {}}]	8	2
64	2024-05-06 13:26:38.747703+00	44	Thread with participants: test1, test4	1	[{"added": {}}]	8	2
65	2024-05-06 13:26:46.920018+00	45	Thread with participants: test2, test3	1	[{"added": {}}]	8	2
66	2024-05-06 13:26:50.645317+00	46	Thread with participants: test2, test4	1	[{"added": {}}]	8	2
67	2024-05-06 13:26:56.050727+00	47	Thread with participants: test3, test4	1	[{"added": {}}]	8	2
68	2024-05-06 13:27:49.592132+00	6	Message from test1 in thread Thread with participants: test1, test2	1	[{"added": {}}]	7	2
69	2024-05-06 13:28:07.418382+00	7	Message from test2 in thread Thread with participants: test1, test2	1	[{"added": {}}]	7	2
70	2024-05-06 13:28:26.898036+00	8	Message from test1 in thread Thread with participants: test1, test3	1	[{"added": {}}]	7	2
71	2024-05-06 13:28:38.797209+00	9	Message from test3 in thread Thread with participants: test1, test3	1	[{"added": {}}]	7	2
72	2024-05-06 13:28:50.784736+00	10	Message from test1 in thread Thread with participants: test1, test4	1	[{"added": {}}]	7	2
73	2024-05-06 13:29:03.613123+00	11	Message from test4 in thread Thread with participants: test1, test4	1	[{"added": {}}]	7	2
74	2024-05-06 13:29:13.789147+00	12	Message from test2 in thread Thread with participants: test2, test3	1	[{"added": {}}]	7	2
75	2024-05-06 13:29:22.451023+00	13	Message from test3 in thread Thread with participants: test2, test3	1	[{"added": {}}]	7	2
76	2024-05-06 13:29:51.709271+00	14	Message from test3 in thread Thread with participants: test2, test3	1	[{"added": {}}]	7	2
77	2024-05-06 13:30:10.340716+00	15	Message from test3 in thread Thread with participants: test3, test4	1	[{"added": {}}]	7	2
78	2024-05-06 13:30:19.023993+00	16	Message from test4 in thread Thread with participants: test3, test4	1	[{"added": {}}]	7	2
\.


--
-- Data for Name: django_content_type; Type: TABLE DATA; Schema: public; Owner: postgres
--

COPY public.django_content_type (id, app_label, model) FROM stdin;
1	admin	logentry
2	auth	permission
3	auth	group
4	auth	user
5	contenttypes	contenttype
6	sessions	session
7	chat	message
8	chat	thread
\.


--
-- Data for Name: django_migrations; Type: TABLE DATA; Schema: public; Owner: postgres
--

COPY public.django_migrations (id, app, name, applied) FROM stdin;
1	contenttypes	0001_initial	2024-04-30 10:07:03.64907+00
2	auth	0001_initial	2024-04-30 10:07:03.665659+00
3	admin	0001_initial	2024-04-30 10:07:03.670261+00
4	admin	0002_logentry_remove_auto_add	2024-04-30 10:07:03.672349+00
5	admin	0003_logentry_add_action_flag_choices	2024-04-30 10:07:03.67489+00
6	contenttypes	0002_remove_content_type_name	2024-04-30 10:07:03.679006+00
7	auth	0002_alter_permission_name_max_length	2024-04-30 10:07:03.681093+00
8	auth	0003_alter_user_email_max_length	2024-04-30 10:07:03.683107+00
9	auth	0004_alter_user_username_opts	2024-04-30 10:07:03.684993+00
10	auth	0005_alter_user_last_login_null	2024-04-30 10:07:03.687054+00
11	auth	0006_require_contenttypes_0002	2024-04-30 10:07:03.687351+00
12	auth	0007_alter_validators_add_error_messages	2024-04-30 10:07:03.689224+00
13	auth	0008_alter_user_username_max_length	2024-04-30 10:07:03.691986+00
14	auth	0009_alter_user_last_name_max_length	2024-04-30 10:07:03.694781+00
15	auth	0010_alter_group_name_max_length	2024-04-30 10:07:03.696991+00
16	auth	0011_update_proxy_permissions	2024-04-30 10:07:03.698674+00
17	auth	0012_alter_user_first_name_max_length	2024-04-30 10:07:03.700685+00
18	sessions	0001_initial	2024-04-30 10:07:03.703272+00
19	chat	0001_initial	2024-04-30 10:23:24.636608+00
\.


--
-- Data for Name: django_session; Type: TABLE DATA; Schema: public; Owner: postgres
--

COPY public.django_session (session_key, session_data, expire_date) FROM stdin;
nwwiqy0gkbhkfmw4xojfpzu4o3nkjnr7	.eJxVjEEOwiAQRe_C2hAGUGZcuu8ZCAwgVUOT0q6Md7dNutDtf-_9t_BhXapfe579mMRVaHH63WLgZ247SI_Q7pPkqS3zGOWuyIN2OUwpv26H-3dQQ69bjVxc0RjPhOAiGE0EFEtyHBBtccZYm0khgEtA2jrgqIDZKN4SvIjPF8nCNtE:1s1kil:uRs5uoIwFFfOKJak_O8RcjuIDvSndTaBToYTShwYSv8	2024-05-14 10:28:23.61154+00
azc30y0fylugpuvwv9job9rll2wb83e7	.eJxVjEEOwiAQRe_C2hAGUGZcuu8ZCAwgVUOT0q6Md7dNutDtf-_9t_BhXapfe579mMRVaHH63WLgZ247SI_Q7pPkqS3zGOWuyIN2OUwpv26H-3dQQ69bjVxc0RjPhOAiGE0EFEtyHBBtccZYm0khgEtA2jrgqIDZKN4SvIjPF8nCNtE:1s2SKb:A3T1ejxUCwMHkATknNIDpVd69et49_WAINlZ2fkvGB4	2024-05-16 09:02:21.10593+00
\.


--
-- Name: auth_group_id_seq; Type: SEQUENCE SET; Schema: public; Owner: postgres
--

SELECT pg_catalog.setval('public.auth_group_id_seq', 1, false);


--
-- Name: auth_group_permissions_id_seq; Type: SEQUENCE SET; Schema: public; Owner: postgres
--

SELECT pg_catalog.setval('public.auth_group_permissions_id_seq', 1, false);


--
-- Name: auth_permission_id_seq; Type: SEQUENCE SET; Schema: public; Owner: postgres
--

SELECT pg_catalog.setval('public.auth_permission_id_seq', 32, true);


--
-- Name: auth_user_groups_id_seq; Type: SEQUENCE SET; Schema: public; Owner: postgres
--

SELECT pg_catalog.setval('public.auth_user_groups_id_seq', 1, false);


--
-- Name: auth_user_id_seq; Type: SEQUENCE SET; Schema: public; Owner: postgres
--

SELECT pg_catalog.setval('public.auth_user_id_seq', 7, true);


--
-- Name: auth_user_user_permissions_id_seq; Type: SEQUENCE SET; Schema: public; Owner: postgres
--

SELECT pg_catalog.setval('public.auth_user_user_permissions_id_seq', 1, false);


--
-- Name: chat_message_id_seq; Type: SEQUENCE SET; Schema: public; Owner: postgres
--

SELECT pg_catalog.setval('public.chat_message_id_seq', 16, true);


--
-- Name: chat_thread_id_seq; Type: SEQUENCE SET; Schema: public; Owner: postgres
--

SELECT pg_catalog.setval('public.chat_thread_id_seq', 47, true);


--
-- Name: chat_thread_participants_id_seq; Type: SEQUENCE SET; Schema: public; Owner: postgres
--

SELECT pg_catalog.setval('public.chat_thread_participants_id_seq', 64, true);


--
-- Name: django_admin_log_id_seq; Type: SEQUENCE SET; Schema: public; Owner: postgres
--

SELECT pg_catalog.setval('public.django_admin_log_id_seq', 78, true);


--
-- Name: django_content_type_id_seq; Type: SEQUENCE SET; Schema: public; Owner: postgres
--

SELECT pg_catalog.setval('public.django_content_type_id_seq', 8, true);


--
-- Name: django_migrations_id_seq; Type: SEQUENCE SET; Schema: public; Owner: postgres
--

SELECT pg_catalog.setval('public.django_migrations_id_seq', 19, true);


--
-- Name: auth_group auth_group_name_key; Type: CONSTRAINT; Schema: public; Owner: postgres
--

ALTER TABLE ONLY public.auth_group
    ADD CONSTRAINT auth_group_name_key UNIQUE (name);


--
-- Name: auth_group_permissions auth_group_permissions_group_id_permission_id_0cd325b0_uniq; Type: CONSTRAINT; Schema: public; Owner: postgres
--

ALTER TABLE ONLY public.auth_group_permissions
    ADD CONSTRAINT auth_group_permissions_group_id_permission_id_0cd325b0_uniq UNIQUE (group_id, permission_id);


--
-- Name: auth_group_permissions auth_group_permissions_pkey; Type: CONSTRAINT; Schema: public; Owner: postgres
--

ALTER TABLE ONLY public.auth_group_permissions
    ADD CONSTRAINT auth_group_permissions_pkey PRIMARY KEY (id);


--
-- Name: auth_group auth_group_pkey; Type: CONSTRAINT; Schema: public; Owner: postgres
--

ALTER TABLE ONLY public.auth_group
    ADD CONSTRAINT auth_group_pkey PRIMARY KEY (id);


--
-- Name: auth_permission auth_permission_content_type_id_codename_01ab375a_uniq; Type: CONSTRAINT; Schema: public; Owner: postgres
--

ALTER TABLE ONLY public.auth_permission
    ADD CONSTRAINT auth_permission_content_type_id_codename_01ab375a_uniq UNIQUE (content_type_id, codename);


--
-- Name: auth_permission auth_permission_pkey; Type: CONSTRAINT; Schema: public; Owner: postgres
--

ALTER TABLE ONLY public.auth_permission
    ADD CONSTRAINT auth_permission_pkey PRIMARY KEY (id);


--
-- Name: auth_user_groups auth_user_groups_pkey; Type: CONSTRAINT; Schema: public; Owner: postgres
--

ALTER TABLE ONLY public.auth_user_groups
    ADD CONSTRAINT auth_user_groups_pkey PRIMARY KEY (id);


--
-- Name: auth_user_groups auth_user_groups_user_id_group_id_94350c0c_uniq; Type: CONSTRAINT; Schema: public; Owner: postgres
--

ALTER TABLE ONLY public.auth_user_groups
    ADD CONSTRAINT auth_user_groups_user_id_group_id_94350c0c_uniq UNIQUE (user_id, group_id);


--
-- Name: auth_user auth_user_pkey; Type: CONSTRAINT; Schema: public; Owner: postgres
--

ALTER TABLE ONLY public.auth_user
    ADD CONSTRAINT auth_user_pkey PRIMARY KEY (id);


--
-- Name: auth_user_user_permissions auth_user_user_permissions_pkey; Type: CONSTRAINT; Schema: public; Owner: postgres
--

ALTER TABLE ONLY public.auth_user_user_permissions
    ADD CONSTRAINT auth_user_user_permissions_pkey PRIMARY KEY (id);


--
-- Name: auth_user_user_permissions auth_user_user_permissions_user_id_permission_id_14a6b632_uniq; Type: CONSTRAINT; Schema: public; Owner: postgres
--

ALTER TABLE ONLY public.auth_user_user_permissions
    ADD CONSTRAINT auth_user_user_permissions_user_id_permission_id_14a6b632_uniq UNIQUE (user_id, permission_id);


--
-- Name: auth_user auth_user_username_key; Type: CONSTRAINT; Schema: public; Owner: postgres
--

ALTER TABLE ONLY public.auth_user
    ADD CONSTRAINT auth_user_username_key UNIQUE (username);


--
-- Name: chat_message chat_message_pkey; Type: CONSTRAINT; Schema: public; Owner: postgres
--

ALTER TABLE ONLY public.chat_message
    ADD CONSTRAINT chat_message_pkey PRIMARY KEY (id);


--
-- Name: chat_thread_participants chat_thread_participants_pkey; Type: CONSTRAINT; Schema: public; Owner: postgres
--

ALTER TABLE ONLY public.chat_thread_participants
    ADD CONSTRAINT chat_thread_participants_pkey PRIMARY KEY (id);


--
-- Name: chat_thread_participants chat_thread_participants_thread_id_user_id_5b426d72_uniq; Type: CONSTRAINT; Schema: public; Owner: postgres
--

ALTER TABLE ONLY public.chat_thread_participants
    ADD CONSTRAINT chat_thread_participants_thread_id_user_id_5b426d72_uniq UNIQUE (thread_id, user_id);


--
-- Name: chat_thread chat_thread_pkey; Type: CONSTRAINT; Schema: public; Owner: postgres
--

ALTER TABLE ONLY public.chat_thread
    ADD CONSTRAINT chat_thread_pkey PRIMARY KEY (id);


--
-- Name: django_admin_log django_admin_log_pkey; Type: CONSTRAINT; Schema: public; Owner: postgres
--

ALTER TABLE ONLY public.django_admin_log
    ADD CONSTRAINT django_admin_log_pkey PRIMARY KEY (id);


--
-- Name: django_content_type django_content_type_app_label_model_76bd3d3b_uniq; Type: CONSTRAINT; Schema: public; Owner: postgres
--

ALTER TABLE ONLY public.django_content_type
    ADD CONSTRAINT django_content_type_app_label_model_76bd3d3b_uniq UNIQUE (app_label, model);


--
-- Name: django_content_type django_content_type_pkey; Type: CONSTRAINT; Schema: public; Owner: postgres
--

ALTER TABLE ONLY public.django_content_type
    ADD CONSTRAINT django_content_type_pkey PRIMARY KEY (id);


--
-- Name: django_migrations django_migrations_pkey; Type: CONSTRAINT; Schema: public; Owner: postgres
--

ALTER TABLE ONLY public.django_migrations
    ADD CONSTRAINT django_migrations_pkey PRIMARY KEY (id);


--
-- Name: django_session django_session_pkey; Type: CONSTRAINT; Schema: public; Owner: postgres
--

ALTER TABLE ONLY public.django_session
    ADD CONSTRAINT django_session_pkey PRIMARY KEY (session_key);


--
-- Name: auth_group_name_a6ea08ec_like; Type: INDEX; Schema: public; Owner: postgres
--

CREATE INDEX auth_group_name_a6ea08ec_like ON public.auth_group USING btree (name varchar_pattern_ops);


--
-- Name: auth_group_permissions_group_id_b120cbf9; Type: INDEX; Schema: public; Owner: postgres
--

CREATE INDEX auth_group_permissions_group_id_b120cbf9 ON public.auth_group_permissions USING btree (group_id);


--
-- Name: auth_group_permissions_permission_id_84c5c92e; Type: INDEX; Schema: public; Owner: postgres
--

CREATE INDEX auth_group_permissions_permission_id_84c5c92e ON public.auth_group_permissions USING btree (permission_id);


--
-- Name: auth_permission_content_type_id_2f476e4b; Type: INDEX; Schema: public; Owner: postgres
--

CREATE INDEX auth_permission_content_type_id_2f476e4b ON public.auth_permission USING btree (content_type_id);


--
-- Name: auth_user_groups_group_id_97559544; Type: INDEX; Schema: public; Owner: postgres
--

CREATE INDEX auth_user_groups_group_id_97559544 ON public.auth_user_groups USING btree (group_id);


--
-- Name: auth_user_groups_user_id_6a12ed8b; Type: INDEX; Schema: public; Owner: postgres
--

CREATE INDEX auth_user_groups_user_id_6a12ed8b ON public.auth_user_groups USING btree (user_id);


--
-- Name: auth_user_user_permissions_permission_id_1fbb5f2c; Type: INDEX; Schema: public; Owner: postgres
--

CREATE INDEX auth_user_user_permissions_permission_id_1fbb5f2c ON public.auth_user_user_permissions USING btree (permission_id);


--
-- Name: auth_user_user_permissions_user_id_a95ead1b; Type: INDEX; Schema: public; Owner: postgres
--

CREATE INDEX auth_user_user_permissions_user_id_a95ead1b ON public.auth_user_user_permissions USING btree (user_id);


--
-- Name: auth_user_username_6821ab7c_like; Type: INDEX; Schema: public; Owner: postgres
--

CREATE INDEX auth_user_username_6821ab7c_like ON public.auth_user USING btree (username varchar_pattern_ops);


--
-- Name: chat_message_sender_id_991c686c; Type: INDEX; Schema: public; Owner: postgres
--

CREATE INDEX chat_message_sender_id_991c686c ON public.chat_message USING btree (sender_id);


--
-- Name: chat_message_thread_id_6a43dfba; Type: INDEX; Schema: public; Owner: postgres
--

CREATE INDEX chat_message_thread_id_6a43dfba ON public.chat_message USING btree (thread_id);


--
-- Name: chat_thread_participants_thread_id_5167d8b7; Type: INDEX; Schema: public; Owner: postgres
--

CREATE INDEX chat_thread_participants_thread_id_5167d8b7 ON public.chat_thread_participants USING btree (thread_id);


--
-- Name: chat_thread_participants_user_id_83d3d42d; Type: INDEX; Schema: public; Owner: postgres
--

CREATE INDEX chat_thread_participants_user_id_83d3d42d ON public.chat_thread_participants USING btree (user_id);


--
-- Name: django_admin_log_content_type_id_c4bce8eb; Type: INDEX; Schema: public; Owner: postgres
--

CREATE INDEX django_admin_log_content_type_id_c4bce8eb ON public.django_admin_log USING btree (content_type_id);


--
-- Name: django_admin_log_user_id_c564eba6; Type: INDEX; Schema: public; Owner: postgres
--

CREATE INDEX django_admin_log_user_id_c564eba6 ON public.django_admin_log USING btree (user_id);


--
-- Name: django_session_expire_date_a5c62663; Type: INDEX; Schema: public; Owner: postgres
--

CREATE INDEX django_session_expire_date_a5c62663 ON public.django_session USING btree (expire_date);


--
-- Name: django_session_session_key_c0390e0f_like; Type: INDEX; Schema: public; Owner: postgres
--

CREATE INDEX django_session_session_key_c0390e0f_like ON public.django_session USING btree (session_key varchar_pattern_ops);


--
-- Name: auth_group_permissions auth_group_permissio_permission_id_84c5c92e_fk_auth_perm; Type: FK CONSTRAINT; Schema: public; Owner: postgres
--

ALTER TABLE ONLY public.auth_group_permissions
    ADD CONSTRAINT auth_group_permissio_permission_id_84c5c92e_fk_auth_perm FOREIGN KEY (permission_id) REFERENCES public.auth_permission(id) DEFERRABLE INITIALLY DEFERRED;


--
-- Name: auth_group_permissions auth_group_permissions_group_id_b120cbf9_fk_auth_group_id; Type: FK CONSTRAINT; Schema: public; Owner: postgres
--

ALTER TABLE ONLY public.auth_group_permissions
    ADD CONSTRAINT auth_group_permissions_group_id_b120cbf9_fk_auth_group_id FOREIGN KEY (group_id) REFERENCES public.auth_group(id) DEFERRABLE INITIALLY DEFERRED;


--
-- Name: auth_permission auth_permission_content_type_id_2f476e4b_fk_django_co; Type: FK CONSTRAINT; Schema: public; Owner: postgres
--

ALTER TABLE ONLY public.auth_permission
    ADD CONSTRAINT auth_permission_content_type_id_2f476e4b_fk_django_co FOREIGN KEY (content_type_id) REFERENCES public.django_content_type(id) DEFERRABLE INITIALLY DEFERRED;


--
-- Name: auth_user_groups auth_user_groups_group_id_97559544_fk_auth_group_id; Type: FK CONSTRAINT; Schema: public; Owner: postgres
--

ALTER TABLE ONLY public.auth_user_groups
    ADD CONSTRAINT auth_user_groups_group_id_97559544_fk_auth_group_id FOREIGN KEY (group_id) REFERENCES public.auth_group(id) DEFERRABLE INITIALLY DEFERRED;


--
-- Name: auth_user_groups auth_user_groups_user_id_6a12ed8b_fk_auth_user_id; Type: FK CONSTRAINT; Schema: public; Owner: postgres
--

ALTER TABLE ONLY public.auth_user_groups
    ADD CONSTRAINT auth_user_groups_user_id_6a12ed8b_fk_auth_user_id FOREIGN KEY (user_id) REFERENCES public.auth_user(id) DEFERRABLE INITIALLY DEFERRED;


--
-- Name: auth_user_user_permissions auth_user_user_permi_permission_id_1fbb5f2c_fk_auth_perm; Type: FK CONSTRAINT; Schema: public; Owner: postgres
--

ALTER TABLE ONLY public.auth_user_user_permissions
    ADD CONSTRAINT auth_user_user_permi_permission_id_1fbb5f2c_fk_auth_perm FOREIGN KEY (permission_id) REFERENCES public.auth_permission(id) DEFERRABLE INITIALLY DEFERRED;


--
-- Name: auth_user_user_permissions auth_user_user_permissions_user_id_a95ead1b_fk_auth_user_id; Type: FK CONSTRAINT; Schema: public; Owner: postgres
--

ALTER TABLE ONLY public.auth_user_user_permissions
    ADD CONSTRAINT auth_user_user_permissions_user_id_a95ead1b_fk_auth_user_id FOREIGN KEY (user_id) REFERENCES public.auth_user(id) DEFERRABLE INITIALLY DEFERRED;


--
-- Name: chat_message chat_message_sender_id_991c686c_fk_auth_user_id; Type: FK CONSTRAINT; Schema: public; Owner: postgres
--

ALTER TABLE ONLY public.chat_message
    ADD CONSTRAINT chat_message_sender_id_991c686c_fk_auth_user_id FOREIGN KEY (sender_id) REFERENCES public.auth_user(id) DEFERRABLE INITIALLY DEFERRED;


--
-- Name: chat_message chat_message_thread_id_6a43dfba_fk_chat_thread_id; Type: FK CONSTRAINT; Schema: public; Owner: postgres
--

ALTER TABLE ONLY public.chat_message
    ADD CONSTRAINT chat_message_thread_id_6a43dfba_fk_chat_thread_id FOREIGN KEY (thread_id) REFERENCES public.chat_thread(id) DEFERRABLE INITIALLY DEFERRED;


--
-- Name: chat_thread_participants chat_thread_participants_thread_id_5167d8b7_fk_chat_thread_id; Type: FK CONSTRAINT; Schema: public; Owner: postgres
--

ALTER TABLE ONLY public.chat_thread_participants
    ADD CONSTRAINT chat_thread_participants_thread_id_5167d8b7_fk_chat_thread_id FOREIGN KEY (thread_id) REFERENCES public.chat_thread(id) DEFERRABLE INITIALLY DEFERRED;


--
-- Name: chat_thread_participants chat_thread_participants_user_id_83d3d42d_fk_auth_user_id; Type: FK CONSTRAINT; Schema: public; Owner: postgres
--

ALTER TABLE ONLY public.chat_thread_participants
    ADD CONSTRAINT chat_thread_participants_user_id_83d3d42d_fk_auth_user_id FOREIGN KEY (user_id) REFERENCES public.auth_user(id) DEFERRABLE INITIALLY DEFERRED;


--
-- Name: django_admin_log django_admin_log_content_type_id_c4bce8eb_fk_django_co; Type: FK CONSTRAINT; Schema: public; Owner: postgres
--

ALTER TABLE ONLY public.django_admin_log
    ADD CONSTRAINT django_admin_log_content_type_id_c4bce8eb_fk_django_co FOREIGN KEY (content_type_id) REFERENCES public.django_content_type(id) DEFERRABLE INITIALLY DEFERRED;


--
-- Name: django_admin_log django_admin_log_user_id_c564eba6_fk_auth_user_id; Type: FK CONSTRAINT; Schema: public; Owner: postgres
--

ALTER TABLE ONLY public.django_admin_log
    ADD CONSTRAINT django_admin_log_user_id_c564eba6_fk_auth_user_id FOREIGN KEY (user_id) REFERENCES public.auth_user(id) DEFERRABLE INITIALLY DEFERRED;


--
-- PostgreSQL database dump complete
--

